Income,Employment_Status,Credit_Score,Loan_Amount,Repayment_Period,Eligible
74901,Employed,582,6365,12,No
55852,Employed,635,14687,48,Yes
79430,Employed,570,15180,24,No
105690,Employed,619,19726,24,Yes
52975,Self-Employed,460,1331,12,No
52975,Employed,671,20925,72,Yes
107376,Self-Employed,650,1000,72,Yes
83023,Employed,568,8701,72,No
45915,Employed,715,10117,48,Yes
76276,Employed,743,21333,36,Yes
46097,Employed,489,15226,36,No
46028,Employed,573,1000,72,No
67258,Employed,573,5150,72,No
20000,Employed,556,16986,60,No
20000,Employed,732,14209,60,Yes
43131,Employed,630,9208,24,Yes
29615,Employed,623,10191,36,Yes
69427,Employed,449,21961,12,No
32759,Self-Employed,713,9823,36,Yes
20000,Employed,526,14119,60,No
103969,Self-Employed,655,36699,36,Yes
53226,Employed,677,1000,72,Yes
62025,Employed,786,1000,24,Yes
20000,Employed,519,22835,60,No
43668,Unemployed,348,8213,60,No
63327,Employed,668,11817,72,Yes
25470,Employed,830,7188,48,Yes
71270,Employed,773,12401,72,Yes
41980,Self-Employed,670,30985,48,Yes
51249,Employed,600,23021,12,No
41948,Self-Employed,730,23622,24,Yes
115568,Self-Employed,552,1000,24,No
59595,Employed,697,3488,48,Yes
28268,Unemployed,700,1000,72,No
84676,Employed,756,6906,72,Yes
23374,Employed,850,24567,12,No
66265,Self-Employed,689,20169,60,Yes
20000,Employed,599,12784,24,No
20154,Self-Employed,647,14776,24,No
65905,Employed,473,8111,60,No
82153,Self-Employed,580,17047,48,No
65141,Employed,609,22658,72,Yes
56530,Employed,597,1000,24,No
50966,Employed,665,17996,60,Yes
20000,Employed,567,24324,60,No
38404,Employed,762,10848,48,Yes
46180,Employed,650,22007,36,Yes
91713,Employed,649,43146,72,Yes
70308,Employed,617,13956,24,Yes
20000,Employed,665,18933,72,No
69722,Employed,732,7619,12,Yes
48447,Employed,563,16812,72,No
39692,Employed,584,19602,72,No
78350,Unemployed,619,16948,12,No
90929,Employed,515,4803,72,No
87938,Employed,568,17063,36,No
34823,Employed,602,29621,24,No
50723,Self-Employed,737,19486,48,Yes
69937,Employed,676,24619,24,Yes
89266,Employed,669,12629,72,Yes
45624,Unemployed,735,22499,48,No
54430,Employed,636,17792,60,Yes
26809,Employed,689,5490,36,No
24113,Employed,639,18185,48,No
84375,Self-Employed,676,5083,36,Yes
100687,Self-Employed,591,8671,24,No
57839,Employed,406,16893,48,No
90105,Employed,636,17972,36,Yes
70849,Employed,792,3107,12,Yes
40646,Employed,742,25539,72,Yes
70841,Employed,746,20720,36,Yes
106141,Unemployed,773,7952,72,Yes
58925,Self-Employed,658,1000,72,No
106939,Employed,669,13550,36,Yes
20000,Employed,588,10540,36,No
84657,Employed,618,16131,48,Yes
62611,Unemployed,711,11368,24,No
51029,Employed,770,1000,12,Yes
62752,Employed,636,11116,24,Yes
20000,Employed,604,11943,72,No
53409,Employed,650,21336,48,Yes
70713,Employed,710,8018,36,Yes
104336,Employed,505,31786,12,No
44451,Self-Employed,420,1000,24,No
35745,Employed,594,28111,36,No
44947,Employed,527,12756,72,No
87462,Unemployed,599,23595,36,No
69862,Employed,635,15798,48,Yes
44107,Employed,604,26395,60,Yes
75398,Employed,795,11126,24,Yes
62912,Employed,682,4013,60,Yes
89059,Employed,680,29205,72,Yes
38938,Self-Employed,712,13865,48,Yes
50170,Employed,536,17215,36,No
48236,Employed,753,27347,24,Yes
20000,Employed,642,4680,60,Yes
68883,Unemployed,717,20954,24,Yes
67831,Employed,542,9101,60,No
60153,Unemployed,494,13678,36,No
52962,Self-Employed,731,15722,72,Yes
20000,Employed,687,1000,48,No
47380,Self-Employed,559,7211,48,No
49718,Employed,563,28510,12,No
35931,Employed,762,23861,12,No
55161,Employed,531,14373,72,No
72121,Employed,814,17431,72,Yes
116585,Employed,559,12057,60,No
65237,Employed,713,28565,60,Yes
67726,Employed,617,12996,36,Yes
57766,Unemployed,710,17318,72,Yes
20000,Self-Employed,595,26460,24,No
59204,Employed,633,7226,60,Yes
61806,Employed,654,30587,12,No
133897,Employed,549,1000,48,No
54229,Unemployed,724,31296,36,Yes
69046,Self-Employed,598,11273,48,No
58958,Employed,627,12573,60,Yes
24939,Employed,550,1000,48,No
94284,Employed,393,10452,36,No
82557,Employed,630,4601,36,Yes
83730,Self-Employed,850,8923,12,Yes
32718,Employed,728,13626,48,Yes
102083,Self-Employed,648,24577,12,Yes
20000,Employed,623,17076,48,No
77605,Employed,652,18076,24,Yes
125713,Employed,704,4044,72,Yes
30283,Employed,531,6192,12,No
43011,Unemployed,761,32987,60,Yes
62989,Self-Employed,721,7647,60,Yes
44895,Self-Employed,721,31562,60,Yes
20000,Employed,693,12569,72,Yes
62056,Employed,651,15022,12,Yes
28130,Self-Employed,717,25703,12,No
74207,Unemployed,709,27718,12,No
32417,Employed,614,13891,24,Yes
106498,Employed,592,11117,48,No
36502,Employed,660,14440,60,Yes
50338,Self-Employed,804,18379,24,Yes
84405,Self-Employed,526,23913,36,No
23074,Employed,503,15042,36,No
66823,Employed,666,21188,36,Yes
99214,Employed,655,31383,48,Yes
20000,Employed,667,18813,72,No
65539,Self-Employed,674,18116,24,No
67796,Employed,627,1000,60,Yes
83454,Employed,798,1000,72,Yes
22891,Employed,489,18883,48,No
20386,Self-Employed,567,14051,72,No
75658,Employed,639,9852,60,Yes
68909,Employed,485,17435,12,No
67514,Unemployed,632,14395,36,No
70393,Employed,816,26277,48,Yes
39599,Employed,652,15861,12,No
66967,Employed,673,7530,12,Yes
68792,Employed,523,24901,24,No
38569,Employed,588,12828,36,No
115973,Employed,612,20265,36,Yes
74214,Employed,618,10225,60,Yes
24260,Employed,778,8501,48,Yes
79696,Employed,705,15841,72,Yes
30759,Employed,538,15128,12,No
83612,Employed,674,19798,48,Yes
94757,Employed,699,12313,12,Yes
35379,Unemployed,764,1000,24,No
88901,Self-Employed,808,10672,72,Yes
72383,Employed,548,22938,72,No
84661,Employed,568,12026,36,Yes
116903,Employed,524,12536,12,No
52638,Employed,626,24863,12,No
37387,Employed,696,7880,72,Yes
33314,Unemployed,748,1000,72,No
35525,Employed,642,13393,48,No
57686,Employed,618,10158,12,Yes
70234,Self-Employed,665,5337,72,Yes
68300,Self-Employed,566,13246,24,No
84815,Employed,850,19915,72,Yes
60390,Employed,489,14907,48,No
103606,Employed,668,18069,60,Yes
52060,Employed,850,33134,60,Yes
141605,Employed,650,11571,36,Yes
78770,Self-Employed,630,17783,12,Yes
34285,Employed,614,9907,12,Yes
27873,Unemployed,631,6536,24,No
74474,Employed,787,9150,72,Yes
53296,Employed,428,10212,36,No
81420,Employed,803,18594,72,Yes
74197,Self-Employed,507,38490,24,No
57815,Employed,623,7839,60,Yes
34596,Employed,607,10833,12,No
20000,Employed,708,14368,72,Yes
46604,Employed,490,18957,60,No
85691,Employed,696,17635,48,Yes
66422,Employed,850,27840,72,Yes
22627,Unemployed,513,1000,12,No
65195,Employed,668,1000,36,Yes
71559,Self-Employed,583,10041,72,No
33484,Employed,692,25973,36,No
64611,Employed,651,1000,60,Yes
61746,Unemployed,585,1000,72,No
25710,Self-Employed,698,20711,36,No
70733,Unemployed,830,17436,60,Yes
76823,Unemployed,630,4097,12,No
92491,Self-Employed,721,5144,24,Yes
91614,Employed,520,5302,72,No
20000,Employed,554,16105,36,No
31865,Employed,697,8736,36,Yes
75451,Employed,798,19940,72,Yes
75413,Employed,685,1000,36,Yes
75451,Employed,618,6431,60,Yes
175581,Unemployed,649,3739,48,No
77126,Employed,524,12436,12,No
94066,Self-Employed,710,9619,48,Yes
88620,Employed,738,22978,60,Yes
79541,Employed,604,1000,60,Yes
50541,Unemployed,602,15454,12,No
82769,Unemployed,676,20583,12,No
36815,Employed,606,33566,60,No
52895,Self-Employed,643,10182,48,Yes
45439,Employed,850,18244,60,Yes
62456,Employed,625,1000,24,Yes
129439,Unemployed,614,1000,12,No
20000,Employed,585,23447,12,No
80587,Employed,724,14944,24,Yes
20000,Self-Employed,631,26785,36,No
45842,Employed,585,1265,24,No
92668,Employed,782,20199,12,Yes
61928,Employed,791,33688,24,Yes
27667,Self-Employed,589,19197,36,No
38540,Employed,463,17765,48,No
80387,Unemployed,750,15085,36,Yes
38089,Employed,581,1000,12,No
66493,Employed,729,28555,36,Yes
61367,Employed,452,8891,12,No
40451,Employed,739,20044,48,Yes
124318,Employed,528,1000,24,No
79017,Employed,723,3205,36,Yes
20000,Self-Employed,651,29350,24,No
65593,Employed,554,11526,36,No
40146,Employed,609,29532,12,No
85573,Employed,718,14217,72,Yes
36224,Employed,660,1000,72,Yes
56557,Employed,708,23920,72,Yes
75149,Employed,847,9101,48,Yes
85972,Unemployed,493,21986,24,No
23991,Employed,811,15252,36,Yes
49964,Self-Employed,660,1000,12,Yes
45751,Employed,560,16642,24,No
40400,Employed,516,36962,36,No
112963,Employed,631,19929,12,Yes
72149,Employed,742,14424,36,Yes
22173,Employed,637,25753,36,No
87535,Self-Employed,801,17106,36,Yes
123664,Employed,504,17095,12,No
90973,Employed,648,4083,24,Yes
20000,Unemployed,524,17338,24,No
45472,Unemployed,686,25354,48,No
98007,Employed,738,6639,48,Yes
38769,Employed,607,29244,24,No
73314,Employed,389,14082,12,No
83239,Unemployed,669,6122,24,No
32192,Self-Employed,693,24976,72,No
58214,Self-Employed,690,12132,24,No
20000,Employed,773,22595,48,Yes
29268,Employed,542,12082,60,No
52422,Self-Employed,718,14401,24,Yes
22566,Self-Employed,769,19935,36,Yes
108972,Employed,472,17908,60,No
20000,Unemployed,681,1000,72,No
46798,Employed,599,3787,72,No
63922,Employed,641,24294,12,No
103238,Self-Employed,684,13678,24,Yes
20000,Employed,601,9762,72,No
94894,Employed,582,1414,24,No
60306,Unemployed,653,4202,24,No
30554,Employed,541,1000,72,No
73863,Employed,541,13987,72,No
65971,Employed,717,9015,24,Yes
41993,Employed,535,5334,60,No
62094,Employed,716,14318,36,Yes
48440,Employed,696,18639,48,Yes
63405,Self-Employed,477,35931,24,No
79863,Employed,582,1000,36,No
107580,Employed,769,26593,60,Yes
22865,Employed,551,24731,36,No
123991,Employed,603,7209,12,Yes
20000,Unemployed,696,17032,48,No
55446,Self-Employed,728,10423,48,Yes
77649,Employed,624,16856,48,Yes
68429,Employed,590,30091,60,No
41319,Employed,792,21056,48,Yes
53756,Employed,823,20086,72,Yes
45209,Self-Employed,747,10696,36,Yes
42319,Employed,658,1000,60,Yes
85488,Employed,569,12915,36,Yes
70710,Self-Employed,566,27066,24,No
39212,Employed,702,1000,60,Yes
86987,Employed,691,4449,60,Yes
69218,Employed,790,16262,60,Yes
84385,Employed,715,5153,36,Yes
78888,Self-Employed,499,7074,36,No
35130,Unemployed,755,10764,48,No
43194,Employed,550,1343,24,No
82418,Self-Employed,611,5258,48,Yes
78311,Employed,675,22034,60,Yes
59372,Employed,849,1926,60,Yes
63519,Employed,850,1000,12,Yes
98329,Employed,710,8699,72,Yes
42252,Self-Employed,631,22319,36,No
76412,Self-Employed,703,13030,36,Yes
53934,Self-Employed,738,10354,48,Yes
53469,Self-Employed,617,15443,72,No
92963,Employed,829,1000,60,Yes
84762,Employed,673,19947,48,Yes
84405,Employed,699,18834,60,Yes
99164,Self-Employed,716,10906,36,Yes
60630,Self-Employed,692,25059,72,No
80458,Employed,733,3725,48,Yes
50691,Employed,588,26279,48,No
69724,Employed,594,16544,12,No
56095,Unemployed,539,11634,60,No
62909,Self-Employed,693,14801,48,Yes
77854,Unemployed,727,13927,36,Yes
35453,Self-Employed,695,27202,48,No
122771,Self-Employed,817,4233,12,Yes
29819,Employed,649,7374,72,No
23574,Self-Employed,716,25363,60,Yes
94743,Employed,540,9044,36,Yes
83749,Unemployed,611,24005,60,No
78723,Self-Employed,719,31994,72,Yes
78850,Self-Employed,734,10982,36,Yes
59632,Self-Employed,620,21813,12,No
33082,Employed,642,3463,24,No
62274,Self-Employed,498,22547,48,No
39685,Employed,614,16994,48,Yes
89253,Self-Employed,739,19730,48,Yes
55588,Self-Employed,707,8544,48,Yes
35235,Employed,700,1000,36,Yes
50358,Self-Employed,654,20032,36,Yes
72387,Employed,650,1000,60,Yes
43088,Employed,583,11826,48,No
35333,Self-Employed,719,24411,48,Yes
67310,Employed,692,16918,36,Yes
67348,Employed,699,34483,12,No
44791,Employed,597,25251,12,No
45868,Employed,434,8461,36,No
66961,Self-Employed,759,15273,72,Yes
20000,Unemployed,602,14526,12,No
20000,Employed,563,1000,72,No
38446,Employed,719,5596,12,Yes
53596,Employed,610,9392,24,Yes
69327,Unemployed,755,1000,36,No
104260,Employed,711,15474,24,Yes
85729,Unemployed,718,12509,36,Yes
55201,Employed,513,1000,36,No
59429,Unemployed,771,19042,36,No
29924,Employed,676,22158,60,No
59444,Unemployed,613,17270,24,No
51340,Employed,664,11759,24,Yes
69681,Employed,472,20914,60,No
35183,Employed,690,21802,12,No
75580,Self-Employed,547,18074,72,No
105982,Employed,514,6753,48,No
56737,Employed,497,17766,60,No
72051,Employed,761,26954,12,No
80704,Employed,587,9033,72,No
47963,Employed,803,35979,24,No
66722,Employed,596,9743,24,No
60377,Self-Employed,479,15324,12,No
62930,Employed,538,8275,48,No
36809,Unemployed,773,17232,72,No
60735,Employed,634,1000,24,Yes
74939,Self-Employed,595,9539,36,No
103534,Self-Employed,666,4078,24,Yes
88778,Employed,700,16353,48,Yes
124595,Employed,761,24944,36,Yes
36979,Employed,794,21460,12,No
86169,Employed,614,1000,48,Yes
65500,Employed,517,35420,24,No
125694,Employed,608,17952,48,Yes
35751,Self-Employed,676,7235,36,No
34808,Self-Employed,553,16571,60,No
42018,Employed,554,16761,24,No
20000,Employed,684,8331,60,No
44227,Employed,645,16979,60,Yes
37226,Employed,653,8925,12,No
64511,Employed,574,10956,12,No
70252,Employed,626,8137,72,Yes
116285,Employed,557,1000,24,No
88512,Unemployed,739,16458,24,Yes
42692,Employed,753,20852,36,Yes
33047,Unemployed,465,20148,24,No
74757,Employed,557,23199,72,No
20393,Employed,500,18243,48,No
114943,Employed,584,9672,48,No
95383,Employed,641,23396,48,Yes
45924,Employed,505,1424,48,No
20000,Employed,557,5993,48,No
100616,Employed,549,5357,36,No
56563,Employed,670,25800,72,Yes
97134,Employed,656,24427,48,Yes
20000,Employed,577,19873,60,No
42018,Employed,667,25719,60,Yes
60157,Employed,595,6207,24,No
61409,Unemployed,622,18485,48,No
46498,Self-Employed,817,13748,12,Yes
78685,Employed,784,23468,12,Yes
27971,Employed,520,13847,12,No
55728,Employed,732,11150,24,Yes
63608,Employed,731,20409,24,Yes
75433,Employed,535,23761,60,No
81348,Self-Employed,731,8316,48,Yes
26260,Self-Employed,803,14389,36,Yes
20000,Employed,537,4415,12,No
98330,Employed,558,1000,36,No
69969,Employed,751,17004,24,Yes
37545,Employed,677,21089,48,No
106534,Employed,705,17620,60,Yes
63470,Employed,684,1000,48,Yes
95378,Self-Employed,689,11491,72,Yes
62025,Employed,517,1000,48,No
121822,Employed,754,28697,36,Yes
112660,Employed,766,4139,12,Yes
52531,Employed,627,27554,24,Yes
89147,Employed,645,24458,36,Yes
79361,Employed,496,5994,12,No
101058,Employed,701,3672,36,Yes
31052,Employed,707,18503,12,No
80581,Employed,643,6556,12,Yes
91752,Self-Employed,762,16024,60,Yes
20000,Self-Employed,616,10171,72,Yes
24502,Employed,706,1000,48,Yes
20000,Employed,548,1000,36,No
51917,Employed,647,17266,60,Yes
81526,Unemployed,632,9384,36,No
105070,Employed,672,9469,72,Yes
62222,Employed,613,21958,36,Yes
108858,Employed,636,26734,12,Yes
20000,Self-Employed,732,12274,12,No
20000,Employed,606,11594,60,No
58333,Self-Employed,489,20001,24,No
71521,Employed,824,1430,24,Yes
59019,Unemployed,788,17231,48,Yes
20000,Employed,520,20518,24,No
57326,Unemployed,718,21802,36,No
20865,Self-Employed,599,1000,60,No
80090,Employed,676,7386,60,Yes
70997,Self-Employed,679,6217,48,Yes
31803,Employed,626,15998,12,No
44583,Self-Employed,571,19807,12,No
28223,Employed,580,29967,60,No
58119,Self-Employed,558,10050,60,No
88654,Self-Employed,566,10024,36,No
30428,Employed,643,26496,60,No
75121,Employed,578,17965,12,No
44092,Employed,718,27676,60,Yes
36213,Employed,798,17887,48,Yes
56789,Self-Employed,591,3428,72,No
28942,Employed,673,1668,12,No
43390,Employed,699,1000,60,Yes
24063,Employed,697,21620,60,No
118941,Employed,657,26885,24,Yes
61057,Employed,724,33493,72,Yes
39008,Employed,698,23431,36,Yes
66419,Employed,526,26628,36,No
56630,Employed,736,9199,60,Yes
53370,Employed,738,3435,36,Yes
78425,Employed,573,23500,72,No
82725,Employed,653,19176,60,Yes
44084,Self-Employed,718,16074,24,Yes
42725,Employed,629,18873,60,Yes
51748,Employed,757,18231,48,Yes
20000,Employed,850,27838,36,No
20000,Employed,571,27949,60,No
101006,Employed,511,20442,48,No
109349,Employed,680,23458,12,Yes
52528,Unemployed,722,20140,12,No
77296,Employed,626,10388,24,Yes
69337,Employed,795,22565,24,Yes
152366,Self-Employed,516,1055,12,No
93587,Self-Employed,719,25538,36,Yes
56162,Employed,589,3054,24,No
31333,Employed,821,17858,48,Yes
20000,Employed,849,6548,24,Yes
66103,Self-Employed,573,20533,60,No
37309,Self-Employed,595,14660,24,No
20000,Unemployed,735,1000,24,No
40602,Employed,611,19206,72,Yes
27553,Self-Employed,645,9220,72,No
110614,Employed,652,23811,60,Yes
86449,Employed,458,15013,12,No
59760,Employed,648,18954,72,Yes
104398,Employed,581,5424,60,No
62321,Employed,600,9106,72,Yes
34161,Employed,794,10413,72,Yes
105693,Employed,524,23567,72,No
76167,Employed,731,31773,12,No
28882,Employed,622,6948,72,No
54289,Employed,622,25768,24,Yes
33731,Employed,729,1000,60,Yes
20000,Employed,684,3058,60,No
87785,Employed,707,5412,60,Yes
117282,Employed,746,1474,60,Yes
20000,Employed,616,1000,36,Yes
76889,Employed,588,19129,48,No
40480,Employed,541,12859,24,No
45386,Employed,567,18794,36,No
42228,Employed,850,21904,36,Yes
34080,Employed,774,17656,48,Yes
61455,Employed,514,21577,72,No
35071,Employed,517,14304,12,No
68113,Employed,698,3130,48,Yes
58492,Employed,704,25578,24,Yes
52831,Self-Employed,704,9108,72,Yes
32773,Employed,624,5644,36,No
42696,Self-Employed,637,13220,72,Yes
82661,Self-Employed,682,5871,24,Yes
75027,Employed,658,10825,12,Yes
30673,Employed,428,18440,60,No
62979,Employed,627,18483,60,Yes
82541,Employed,564,6021,60,No
20000,Unemployed,667,10122,36,No
76300,Employed,850,25743,48,Yes
40121,Employed,686,19964,36,Yes
77117,Self-Employed,618,35750,12,No
37102,Employed,742,26801,48,Yes
20000,Self-Employed,698,26442,24,No
20000,Unemployed,692,1121,36,No
61442,Employed,710,22638,24,Yes
67791,Employed,850,14468,24,Yes
32870,Employed,536,9490,60,No
79157,Employed,697,16680,36,Yes
20000,Employed,557,24452,48,No
58017,Employed,705,20008,48,Yes
23669,Employed,558,6215,36,No
40444,Employed,608,22424,36,Yes
61421,Self-Employed,620,8624,60,Yes
34187,Employed,747,17166,12,No
48463,Employed,741,11966,12,Yes
90188,Self-Employed,525,12811,60,No
42693,Employed,655,22662,36,Yes
85070,Self-Employed,579,4598,12,No
26108,Unemployed,524,34451,72,No
75894,Employed,628,1000,36,Yes
103247,Employed,619,9023,12,Yes
20000,Employed,850,18702,72,Yes
36093,Employed,693,20843,24,Yes
77312,Unemployed,512,13995,60,No
53908,Employed,593,14426,12,No
71134,Self-Employed,752,19105,48,Yes
41880,Employed,850,12689,12,No
62597,Employed,491,28931,72,No
55329,Employed,462,23393,24,No
95033,Employed,837,23728,48,Yes
67632,Self-Employed,688,5338,24,Yes
70128,Self-Employed,563,14206,36,No
47643,Employed,703,11995,72,Yes
45371,Employed,386,4943,12,No
47023,Unemployed,650,18601,36,No
71833,Self-Employed,682,9623,24,Yes
47370,Employed,742,21554,60,Yes
68693,Employed,548,4298,24,No
122262,Employed,658,32190,48,Yes
86133,Employed,557,6036,60,No
50219,Employed,675,17193,12,No
96036,Self-Employed,560,22918,36,No
47757,Self-Employed,609,9293,12,Yes
20000,Employed,550,23524,24,No
29757,Unemployed,715,2708,60,No
20000,Employed,735,29521,12,No
49454,Self-Employed,626,15141,60,Yes
60552,Self-Employed,653,9035,60,Yes
110293,Employed,505,12008,72,No
69807,Self-Employed,620,23089,36,No
53426,Unemployed,644,9155,12,No
84882,Employed,850,7506,12,Yes
20000,Self-Employed,538,12784,36,No
67068,Employed,796,3230,60,Yes
83125,Employed,749,33205,12,Yes
20000,Employed,678,9336,24,No
94312,Self-Employed,825,23316,72,Yes
70154,Employed,687,17094,12,Yes
47541,Self-Employed,688,5154,60,Yes
78983,Self-Employed,644,14940,60,Yes
128120,Employed,772,22840,12,Yes
65455,Self-Employed,759,13117,72,Yes
67446,Employed,587,26931,12,No
46219,Employed,518,25215,48,No
34504,Employed,629,24189,12,No
84910,Employed,569,10403,48,No
34317,Employed,643,4201,36,Yes
62146,Self-Employed,773,8864,60,Yes
45670,Employed,604,16962,48,Yes
74369,Employed,645,20457,12,Yes
70009,Self-Employed,655,1000,36,Yes
91126,Employed,734,14918,60,Yes
44699,Self-Employed,425,16580,72,No
51903,Self-Employed,589,12224,12,No
30637,Employed,671,27912,12,No
46671,Employed,770,19217,60,Yes
71319,Unemployed,600,28101,48,No
82709,Employed,462,12840,36,Yes
32335,Self-Employed,711,24374,72,Yes
86088,Employed,586,31350,24,No
100669,Self-Employed,531,28116,12,No
72403,Employed,587,4078,24,No
116303,Employed,631,12463,12,Yes
36786,Employed,589,11548,48,No
22660,Self-Employed,429,19892,48,No
20000,Employed,739,21863,48,Yes
104881,Employed,777,6611,60,Yes
79630,Employed,715,15678,60,Yes
58332,Employed,536,1000,72,No
68399,Employed,629,29419,48,Yes
26235,Employed,649,9876,24,Yes
133372,Employed,709,15558,48,Yes
63876,Employed,716,11903,48,Yes
63281,Self-Employed,576,26460,60,No
81772,Employed,658,1000,24,Yes
74430,Self-Employed,695,14833,12,Yes
66716,Employed,795,13941,72,Yes
36285,Employed,720,10463,72,Yes
74144,Employed,728,32262,36,Yes
116460,Employed,658,6126,12,Yes
100362,Employed,791,22717,36,Yes
107795,Employed,690,18562,48,Yes
44663,Self-Employed,563,27615,48,No
30311,Employed,790,8328,72,Yes
56226,Employed,719,7670,72,Yes
61671,Employed,605,25960,72,Yes
92825,Self-Employed,602,19253,12,Yes
20000,Unemployed,679,1000,72,No
105886,Employed,696,9606,48,Yes
55259,Employed,669,18863,36,Yes
47193,Employed,681,23377,60,Yes
29636,Employed,819,8207,60,Yes
20000,Employed,757,1000,72,Yes
84695,Employed,669,20232,60,Yes
62199,Employed,744,2796,12,Yes
21301,Employed,546,1000,12,No
21147,Employed,689,1000,24,No
49926,Unemployed,830,23139,12,No
110070,Employed,628,16286,12,Yes
52212,Employed,565,12743,60,No
20000,Employed,584,28890,48,No
52627,Self-Employed,541,21373,48,No
51818,Employed,571,31163,48,No
20000,Self-Employed,612,1072,36,No
58371,Employed,509,14654,60,No
53071,Employed,651,1000,12,Yes
80886,Employed,740,12706,48,Yes
115468,Employed,559,12513,48,No
93796,Employed,801,21266,24,Yes
51933,Unemployed,701,15455,24,Yes
26804,Employed,753,21234,48,Yes
137200,Self-Employed,584,22034,24,No
61776,Employed,735,36549,60,Yes
60417,Employed,540,11847,48,No
59276,Employed,739,5589,36,Yes
65942,Employed,667,17460,48,Yes
55669,Employed,705,6977,72,Yes
42790,Employed,532,29819,60,No
43594,Employed,560,12167,12,No
59017,Unemployed,709,9344,60,Yes
43697,Employed,555,10286,60,No
38614,Self-Employed,696,22184,72,No
63192,Employed,513,13422,12,No
52350,Self-Employed,734,8583,12,Yes
105119,Employed,526,31653,36,No
20000,Employed,705,6438,36,Yes
92745,Employed,712,15355,48,Yes
97382,Employed,580,21523,24,No
20000,Self-Employed,708,1000,60,Yes
49719,Unemployed,676,19802,60,No
48856,Employed,596,4448,12,No
20000,Employed,549,23227,60,No
36665,Employed,453,5373,60,No
26682,Self-Employed,684,21927,12,No
112568,Unemployed,493,26058,72,No
88070,Employed,659,23614,48,Yes
98146,Employed,623,17513,60,Yes
81650,Employed,717,12686,60,Yes
26128,Employed,619,9235,24,No
44264,Employed,617,29710,12,No
74681,Employed,723,8005,60,Yes
23336,Employed,683,4629,24,No
81389,Employed,681,21653,72,Yes
52790,Employed,696,7038,60,Yes
48755,Employed,496,5499,12,No
81328,Employed,725,1000,60,Yes
73327,Self-Employed,711,10170,24,Yes
49171,Self-Employed,548,14172,12,No
94779,Employed,625,17430,60,Yes
27568,Employed,646,24513,48,No
78478,Unemployed,636,20268,12,No
77793,Self-Employed,683,13091,36,No
50713,Employed,793,13018,36,Yes
69783,Employed,758,20101,36,Yes
22466,Unemployed,518,27725,48,No
87720,Employed,712,16263,36,Yes
54452,Employed,782,10308,24,Yes
44318,Employed,688,5071,12,Yes
91470,Unemployed,759,1000,48,Yes
38869,Self-Employed,850,21662,60,Yes
20000,Employed,752,20779,24,No
20000,Employed,674,20773,48,Yes
78180,Employed,754,13713,12,Yes
21587,Self-Employed,664,29069,72,No
112643,Employed,652,10158,24,Yes
20000,Employed,614,24552,36,No
110893,Employed,806,14612,36,Yes
66330,Employed,568,8916,12,No
57098,Employed,803,20925,72,Yes
43652,Unemployed,699,19096,72,No
71974,Employed,510,18569,48,No
58870,Employed,686,15812,72,Yes
93099,Employed,439,14621,60,No
63426,Employed,712,38883,36,Yes
64509,Employed,738,26842,24,Yes
49091,Employed,590,22228,36,No
58291,Employed,662,16117,60,Yes
69234,Employed,845,25071,24,Yes
20000,Unemployed,599,20179,12,No
20000,Self-Employed,544,15262,36,No
82297,Employed,798,11964,48,Yes
65125,Unemployed,846,14190,72,No
54480,Unemployed,650,1000,24,No
60553,Employed,751,17106,60,Yes
70427,Employed,784,10115,72,Yes
43807,Employed,575,30926,72,No
36650,Self-Employed,601,15193,12,No
65875,Employed,773,3110,36,Yes
30648,Employed,818,14501,24,Yes
72247,Unemployed,706,4538,72,No
20000,Employed,562,19734,24,No
90874,Employed,848,17909,48,Yes
74177,Employed,596,24578,12,No
67680,Employed,616,7091,24,Yes
89480,Employed,684,15340,48,Yes
109964,Employed,805,1349,24,Yes
90431,Employed,735,22014,48,Yes
20000,Employed,691,20188,36,No
21612,Self-Employed,696,19958,48,Yes
41255,Employed,654,15016,36,Yes
60782,Employed,705,19147,60,Yes
75529,Employed,397,31043,24,No
38227,Unemployed,620,12149,72,No
65603,Self-Employed,674,16386,60,Yes
37338,Employed,534,4138,24,No
41654,Employed,688,6317,12,Yes
20000,Employed,629,15978,36,Yes
32303,Employed,825,26039,24,No
20000,Unemployed,807,12437,36,No
30723,Employed,603,12640,72,Yes
91609,Employed,634,10931,72,Yes
31518,Unemployed,642,9652,72,No
138971,Employed,604,17949,12,Yes
74799,Employed,669,1000,48,Yes
65545,Employed,574,27809,72,No
34249,Employed,536,8345,60,No
81009,Employed,712,22219,12,Yes
42730,Self-Employed,712,2300,48,Yes
63660,Employed,569,21688,24,No
136802,Self-Employed,739,21719,36,Yes
57118,Employed,586,18842,12,No
94478,Employed,675,5055,72,Yes
38904,Unemployed,732,17495,60,No
58950,Employed,646,3169,12,Yes
113124,Employed,695,12472,72,Yes
41190,Employed,598,25294,72,No
114373,Unemployed,630,22967,48,No
81232,Employed,629,15151,60,Yes
43125,Employed,575,5251,36,No
78972,Employed,632,21455,72,Yes
89176,Employed,495,15193,12,No
78654,Employed,600,1000,12,Yes
20000,Employed,621,22826,12,No
38185,Unemployed,624,14757,60,No
52574,Unemployed,625,27024,12,No
57766,Employed,643,4047,48,Yes
78620,Employed,697,1000,36,Yes
65331,Self-Employed,737,17790,72,Yes
20000,Employed,585,17915,24,No
71405,Self-Employed,529,1000,24,No
78317,Employed,545,5215,24,No
76793,Employed,601,42552,60,Yes
92423,Self-Employed,614,11943,60,Yes
85017,Unemployed,573,22309,60,No
73775,Employed,520,8493,24,No
57895,Employed,604,1000,24,Yes
20000,Employed,668,13297,12,No
72888,Unemployed,709,12343,24,No
66230,Employed,594,11001,60,No
68147,Self-Employed,608,13853,48,Yes
21697,Self-Employed,557,17642,12,No
27568,Employed,646,13498,12,No
91594,Self-Employed,565,2359,36,No
58813,Employed,707,19861,36,Yes
80445,Unemployed,471,1000,48,No
60849,Employed,614,1000,72,Yes
60892,Self-Employed,680,22391,24,Yes
88148,Employed,668,20070,24,Yes
44518,Employed,850,14426,24,Yes
62883,Employed,684,1045,12,Yes
46131,Unemployed,549,7920,12,No
46965,Employed,640,12372,60,Yes
50724,Employed,472,1000,60,No
66664,Employed,641,7609,60,Yes
45637,Employed,566,21523,12,No
97672,Employed,741,29273,72,Yes
33161,Employed,595,10805,24,No
54393,Employed,638,22564,12,No
46808,Employed,586,1000,24,No
103409,Employed,823,21594,36,Yes
65896,Employed,617,6960,48,Yes
90955,Employed,833,18073,60,Yes
20000,Employed,731,12522,24,No
68011,Self-Employed,698,28204,72,No
86688,Employed,686,6255,12,Yes
62468,Self-Employed,689,21276,36,Yes
91964,Self-Employed,457,12204,36,No
44481,Self-Employed,622,13416,60,Yes
102280,Employed,734,13161,24,Yes
128966,Employed,645,6543,36,Yes
49114,Self-Employed,509,14859,60,No
46634,Unemployed,644,14373,12,No
103601,Employed,820,17412,12,Yes
107387,Employed,774,15845,60,Yes
44314,Employed,643,22979,72,Yes
47394,Employed,745,24235,12,Yes
51546,Self-Employed,613,4493,60,Yes
20000,Self-Employed,479,23687,36,No
32440,Employed,557,3136,48,No
29875,Employed,806,20878,48,Yes
36966,Employed,622,21197,48,No
58959,Self-Employed,625,1000,24,No
67026,Employed,620,15929,60,Yes
106515,Employed,840,10315,12,Yes
30049,Employed,812,7412,12,Yes
89529,Employed,850,28508,72,Yes
53580,Unemployed,634,8463,36,No
58516,Employed,679,6936,12,Yes
80244,Employed,498,15756,72,No
26318,Employed,797,21855,60,Yes
71472,Self-Employed,533,13583,24,No
64993,Self-Employed,671,26663,12,No
74773,Self-Employed,540,20309,36,No
68675,Employed,591,1000,24,No
133659,Employed,566,9705,48,Yes
40867,Self-Employed,589,9381,60,No
44070,Self-Employed,596,19793,36,No
41305,Self-Employed,595,1000,12,No
43335,Employed,733,40490,60,Yes
40878,Employed,539,20310,24,No
95670,Employed,672,16488,24,Yes
102615,Unemployed,771,26815,24,Yes
42877,Unemployed,598,38436,24,No
35029,Self-Employed,578,23707,72,No
74142,Employed,626,24488,12,No
43433,Employed,767,16306,48,Yes
78987,Employed,669,13584,24,Yes
66087,Self-Employed,596,10242,24,No
20000,Employed,698,6738,36,Yes
106425,Employed,539,8129,48,No
113876,Unemployed,718,1494,12,Yes
41616,Employed,690,14241,24,Yes
48368,Self-Employed,619,1000,12,Yes
68575,Employed,566,16909,24,No
70033,Employed,561,14636,72,No
79756,Employed,703,16469,48,Yes
120306,Employed,772,9778,48,Yes
54691,Employed,586,45768,60,No
36051,Self-Employed,695,28601,60,No
20000,Employed,441,2554,72,No
38072,Employed,591,17328,60,No
59006,Self-Employed,646,8919,36,No
113836,Employed,559,4855,48,No
44471,Employed,556,1599,36,No
66713,Unemployed,583,19322,72,No
59507,Employed,679,8186,48,Yes
95651,Employed,631,24678,36,Yes
135807,Employed,426,24937,24,No
44073,Employed,437,28739,24,No
45316,Employed,589,6476,24,No
91324,Self-Employed,695,19753,72,Yes
80456,Unemployed,375,21324,60,No
115401,Employed,600,10258,12,Yes
77517,Employed,597,7282,72,No
49221,Employed,788,31095,48,Yes
77719,Employed,611,17274,60,Yes
93261,Employed,688,21359,72,Yes
84614,Employed,664,6779,72,Yes
75218,Employed,436,2807,12,No
92000,Employed,726,9305,48,Yes
95078,Self-Employed,671,13759,24,Yes
101464,Employed,700,4357,60,Yes
79461,Employed,850,14901,72,Yes
54986,Employed,441,1000,12,No
64401,Employed,822,3799,72,Yes
96195,Employed,621,21709,24,Yes
35491,Employed,678,21037,72,No
71060,Unemployed,645,11081,60,No
48199,Employed,607,4822,36,Yes
60862,Unemployed,593,4725,72,No
98353,Employed,682,11267,72,Yes
65732,Employed,498,21445,24,No
61393,Employed,725,24282,48,Yes
20000,Employed,608,10034,60,No
82387,Self-Employed,536,3465,60,No
79364,Employed,604,17678,72,Yes
124897,Employed,775,6764,12,Yes
50766,Employed,596,9817,60,No
66574,Unemployed,685,28252,72,No
67481,Employed,576,23271,48,No
107323,Self-Employed,725,16579,48,Yes
57141,Employed,718,2280,24,Yes
68370,Employed,834,17113,72,Yes
78236,Employed,632,25626,72,Yes
65598,Employed,716,11243,36,Yes
46606,Employed,659,28511,24,No
65822,Self-Employed,779,27927,36,Yes
92208,Employed,578,31637,12,No
29204,Self-Employed,724,18052,24,No
63989,Employed,630,20873,24,Yes
38996,Unemployed,643,29141,48,No
95851,Employed,659,19473,12,Yes
20000,Employed,675,9987,72,No
43232,Employed,638,10514,24,Yes
71316,Employed,671,17385,12,Yes
106965,Self-Employed,807,2094,60,Yes
58027,Employed,748,13567,72,Yes
43344,Employed,736,25965,72,Yes
116434,Self-Employed,604,1000,24,Yes
20000,Employed,561,30344,12,No
20000,Employed,745,26223,48,No
73200,Employed,737,10402,72,Yes
44938,Unemployed,797,20433,60,Yes
29363,Employed,589,15031,72,No
81250,Unemployed,627,27299,72,No
67314,Self-Employed,486,24826,72,No
43077,Employed,610,1000,36,Yes
21590,Self-Employed,749,20872,72,Yes
86173,Employed,603,12943,36,Yes
79506,Self-Employed,714,15828,12,Yes
57024,Self-Employed,630,7718,24,No
115399,Employed,682,32481,12,Yes
27897,Employed,535,25400,12,No
20000,Unemployed,658,7602,72,No
39242,Employed,350,1653,60,No
58632,Unemployed,631,11143,72,No
67300,Self-Employed,486,19345,48,No
52762,Self-Employed,770,17402,24,Yes
70561,Unemployed,727,27531,72,No
22453,Unemployed,696,22899,60,No
103312,Self-Employed,802,24695,72,Yes
57535,Employed,555,18268,60,No
93518,Self-Employed,824,1107,24,Yes
70281,Employed,743,13043,48,Yes
73702,Employed,626,25600,24,Yes
77093,Employed,763,14484,24,Yes
73431,Employed,539,20030,60,No
79281,Employed,567,11812,12,No
99874,Employed,589,4701,60,No
65895,Self-Employed,597,13766,72,No
81270,Unemployed,544,18090,72,No
57307,Employed,772,8443,36,Yes
103203,Employed,624,12642,72,Yes
39708,Employed,685,5605,72,Yes
114028,Self-Employed,592,26192,12,No
58795,Employed,467,12055,48,No
20000,Unemployed,677,29527,72,No
63843,Employed,458,30287,72,No
39568,Employed,643,14189,24,No
85219,Self-Employed,513,4915,48,No
40421,Unemployed,848,1000,72,No
46614,Employed,741,1000,12,Yes
20000,Employed,660,1261,60,No
46430,Employed,776,28784,24,No
20000,Unemployed,565,16158,72,No
20000,Employed,704,18896,24,No
82812,Employed,669,1000,72,Yes
83574,Employed,676,3020,12,Yes
72763,Self-Employed,777,23870,60,Yes
30990,Employed,723,17867,48,Yes
58568,Employed,678,13527,72,Yes
59891,Employed,484,20648,36,No
25249,Self-Employed,553,31357,24,No
105101,Unemployed,637,12789,24,No
86320,Employed,659,15693,12,Yes
53371,Self-Employed,536,16925,24,No
60806,Employed,850,38921,12,Yes
66251,Employed,801,1000,12,Yes
20000,Employed,710,21832,36,No
52584,Employed,657,13851,60,Yes
39540,Employed,628,20667,72,Yes
29951,Unemployed,554,8426,72,No
51566,Employed,657,14510,36,Yes
113930,Employed,675,22114,36,Yes
79225,Employed,525,46129,48,No
42864,Unemployed,683,23080,12,No
77177,Self-Employed,634,6519,36,Yes
101980,Employed,459,10762,72,No
87739,Employed,563,10465,48,No
61788,Employed,608,1000,60,Yes
40591,Unemployed,838,11699,12,Yes
80946,Employed,705,22328,12,Yes
71804,Employed,516,2257,72,No
86855,Employed,698,25484,24,Yes
79055,Employed,495,19877,24,No
91486,Self-Employed,758,7657,72,Yes
43942,Employed,602,13584,12,No
99521,Employed,640,30983,24,Yes
65927,Employed,782,22335,36,Yes
122257,Employed,521,15087,60,No
39324,Employed,510,12623,48,No
112078,Self-Employed,591,15766,72,No
65937,Employed,753,9882,12,Yes
40457,Employed,498,1000,48,No
45483,Employed,366,35421,48,No
50389,Employed,604,16553,36,Yes
72724,Self-Employed,705,18981,12,Yes
75685,Employed,770,14420,72,Yes
42788,Employed,603,7648,12,Yes
59269,Self-Employed,608,13140,72,Yes
124268,Employed,765,1000,12,Yes
111826,Employed,463,37770,12,No
73089,Unemployed,611,2654,24,No
61140,Employed,669,4680,24,Yes
63600,Self-Employed,694,10597,60,No
78405,Employed,599,27880,60,No
29316,Employed,653,15145,60,No
52278,Employed,401,2638,24,No
20000,Employed,584,27543,24,No
71976,Employed,695,22310,24,Yes
79415,Employed,551,20384,12,No
45504,Employed,655,22157,48,Yes
107219,Self-Employed,694,38943,72,Yes
23227,Employed,615,36850,12,No
20000,Employed,667,8132,36,Yes
66733,Employed,553,31238,36,No
91412,Employed,629,18831,24,Yes
110517,Self-Employed,711,19990,48,Yes
46233,Employed,665,1000,48,Yes
92360,Self-Employed,591,13296,24,No
58844,Employed,672,6871,12,Yes
54821,Self-Employed,721,23280,24,Yes
86509,Employed,445,25710,24,No
79569,Employed,765,1000,12,Yes
20000,Employed,616,14779,72,Yes
104296,Unemployed,692,26218,24,Yes
101402,Employed,769,13133,36,Yes
41233,Self-Employed,512,22290,36,No
71874,Self-Employed,579,18511,48,No
74820,Employed,621,18416,12,Yes
67820,Employed,571,12286,48,No
43490,Unemployed,823,2834,24,Yes
39851,Employed,564,3784,72,No
59233,Employed,594,22093,36,No
95181,Employed,670,15194,36,Yes
76308,Employed,529,13614,24,No
48881,Employed,610,10761,36,Yes
83150,Unemployed,681,11948,24,No
20000,Employed,616,25469,24,No
94462,Employed,640,11647,12,Yes
20000,Employed,597,1589,60,No
49126,Employed,498,22436,60,No
26409,Employed,682,12951,12,No
21159,Employed,825,15313,36,Yes
94824,Employed,651,31075,48,Yes
45968,Employed,672,14794,72,Yes
70395,Unemployed,719,17891,48,Yes
58592,Employed,523,3210,48,No
74311,Employed,820,12803,72,Yes
62304,Employed,670,21095,60,Yes
21510,Employed,813,1000,36,Yes
89888,Self-Employed,576,17008,48,No
45187,Self-Employed,831,16007,72,Yes
20000,Employed,727,15412,36,Yes
47156,Self-Employed,705,25371,72,Yes
105022,Self-Employed,673,18344,36,Yes
85506,Employed,625,29780,12,No
49540,Employed,770,5064,72,Yes
49522,Employed,664,16359,60,Yes
50350,Employed,453,15844,48,No
122302,Employed,538,4307,72,No
71458,Employed,631,24562,60,Yes
72901,Employed,680,38246,60,Yes
90908,Employed,644,14829,48,Yes
67163,Employed,771,20050,12,Yes
52228,Employed,454,15845,60,No
54109,Employed,664,7864,24,Yes
57851,Unemployed,468,1000,72,No
58883,Employed,725,7942,72,Yes
81828,Self-Employed,640,1080,60,Yes
61558,Employed,691,32041,12,No
81979,Employed,563,13848,36,No
57578,Self-Employed,777,11540,72,Yes
62359,Self-Employed,754,23891,36,Yes
20000,Employed,708,3782,72,Yes
87489,Employed,637,7331,48,Yes
70394,Employed,707,15680,72,Yes
89940,Employed,579,25287,24,No
20000,Employed,735,20016,72,Yes
122651,Employed,814,17483,72,Yes
55812,Employed,757,15781,12,Yes
93245,Self-Employed,577,19002,36,No
28802,Self-Employed,686,17016,36,No
78383,Self-Employed,520,4700,24,No
28397,Unemployed,707,15460,24,No
41286,Employed,695,4263,36,Yes
117420,Employed,463,15810,72,No
54279,Employed,533,10193,60,No
66522,Employed,621,40393,48,Yes
86102,Employed,619,14601,48,Yes
74870,Employed,529,1000,36,No
64512,Employed,688,13658,36,Yes
70948,Self-Employed,675,20193,12,Yes
132102,Employed,630,31733,48,Yes
58271,Self-Employed,574,9105,60,No
66032,Employed,754,1000,72,Yes
91519,Self-Employed,815,23168,72,Yes
93165,Self-Employed,601,1194,48,Yes
95610,Unemployed,588,10638,12,No
79161,Self-Employed,699,12423,24,Yes
25709,Employed,614,14303,48,No
109002,Employed,636,21891,36,Yes
25609,Employed,723,8163,36,Yes
69079,Unemployed,459,12262,36,No
37371,Self-Employed,781,14857,36,Yes
58075,Employed,657,16495,48,Yes
69862,Employed,608,15978,12,Yes
69640,Self-Employed,641,19360,24,Yes
72657,Employed,646,23438,12,No
108411,Employed,476,18926,48,No
73606,Employed,799,19535,60,Yes
52675,Self-Employed,654,1000,12,Yes
88922,Employed,694,15502,72,Yes
95684,Employed,745,19795,24,Yes
23171,Employed,547,22289,24,No
77922,Employed,697,8076,60,Yes
81035,Employed,623,8409,72,Yes
51073,Self-Employed,734,9258,72,Yes
101271,Employed,437,20364,12,No
55498,Employed,640,25338,60,Yes
63767,Employed,589,10925,24,No
54807,Employed,693,24079,24,Yes
60467,Self-Employed,697,16234,36,Yes
27111,Self-Employed,579,13757,60,No
20000,Employed,578,12886,12,No
107835,Employed,638,22466,72,Yes
34591,Employed,560,18255,12,No
30258,Employed,734,37758,72,Yes
20000,Employed,613,6477,36,Yes
40831,Employed,359,20181,60,No
20307,Employed,612,9707,24,Yes
109260,Employed,546,6307,36,Yes
90294,Employed,486,14891,48,No
39355,Employed,526,16373,24,No
127573,Employed,660,44181,24,Yes
89452,Self-Employed,782,13158,60,Yes
50255,Employed,681,3698,60,Yes
20000,Employed,589,17730,60,No
128728,Employed,695,1000,72,Yes
20000,Employed,604,14080,60,Yes
20000,Employed,580,15160,48,No
90677,Employed,534,22946,12,No
133192,Employed,474,24736,24,No
101528,Employed,611,9964,48,Yes
76917,Employed,665,13493,12,Yes
77842,Employed,640,7338,72,Yes
85602,Employed,608,3719,72,Yes
82767,Employed,555,18098,12,No
68435,Employed,710,2264,24,Yes
63126,Employed,518,10853,60,No
58122,Employed,727,5048,72,Yes
37381,Employed,549,20496,24,No
51579,Self-Employed,574,33014,36,No
20000,Employed,503,1984,72,No
57049,Employed,599,1000,60,No
30342,Self-Employed,747,13751,24,Yes
26892,Employed,701,15156,60,Yes
65396,Self-Employed,747,17186,48,Yes
101760,Self-Employed,702,10536,48,Yes
87549,Employed,539,12993,12,No
20000,Self-Employed,616,18675,12,No
30311,Employed,571,25404,36,No
88223,Employed,783,1000,48,Yes
30525,Unemployed,530,11310,24,No
53261,Self-Employed,739,17138,72,Yes
76501,Employed,739,5820,48,Yes
30949,Employed,832,32311,36,No
63161,Self-Employed,609,8645,12,Yes
20000,Employed,721,14587,72,Yes
41958,Employed,850,20560,60,Yes
69593,Employed,588,9087,60,No
20000,Employed,496,1000,24,No
73214,Self-Employed,461,10713,36,No
59410,Employed,721,25294,12,No
76574,Self-Employed,461,11631,48,No
66717,Unemployed,612,6535,72,No
100924,Employed,693,24256,72,Yes
63756,Self-Employed,668,11692,48,Yes
47117,Employed,692,9898,60,Yes
63668,Employed,672,16494,24,Yes
76298,Employed,777,22707,36,Yes
61465,Employed,554,38817,12,No
61217,Employed,582,23272,60,No
38940,Employed,572,26598,60,No
40112,Employed,733,9940,12,Yes
20000,Employed,740,4741,72,Yes
112487,Employed,695,15623,48,Yes
22684,Employed,768,16071,48,Yes
39212,Employed,532,4214,12,No
38447,Unemployed,816,13247,24,No
86847,Employed,802,18993,60,Yes
51151,Self-Employed,723,18603,24,Yes
97432,Self-Employed,828,20042,72,Yes
39795,Self-Employed,484,17909,48,No
68369,Employed,597,9929,36,No
34939,Employed,576,9860,36,No
124354,Employed,722,3010,36,Yes
24372,Employed,544,32847,24,No
69294,Self-Employed,725,15134,36,Yes
79013,Employed,787,12751,60,Yes
72413,Employed,719,5712,60,Yes
54441,Self-Employed,678,44356,36,Yes
56105,Employed,551,4266,12,No
61314,Self-Employed,565,10711,48,No
55589,Self-Employed,774,19158,48,Yes
88916,Employed,727,21002,72,Yes
126315,Unemployed,646,24579,36,No
43275,Employed,608,33076,48,Yes
20000,Employed,447,20061,48,No
57351,Employed,542,4439,24,No
137391,Self-Employed,841,12430,12,Yes
35889,Employed,521,18078,12,No
109173,Employed,668,35682,72,Yes
110331,Employed,750,1021,48,Yes
43392,Employed,524,27025,72,No
77069,Employed,668,16799,24,Yes
108851,Employed,743,23378,60,Yes
48626,Employed,651,13980,72,Yes
53892,Employed,850,6575,24,Yes
42549,Employed,483,22508,12,No
29557,Employed,755,21544,60,Yes
40521,Employed,632,24720,72,Yes
23281,Self-Employed,727,14866,60,Yes
61022,Employed,694,9001,60,Yes
36900,Self-Employed,576,1000,48,No
67013,Self-Employed,672,23193,48,No
20000,Employed,464,19238,60,No
69926,Employed,710,5342,60,Yes
85005,Employed,679,9614,48,Yes
20000,Employed,713,10332,72,Yes
71221,Self-Employed,755,1000,24,Yes
96830,Self-Employed,686,6823,36,Yes
23710,Employed,664,3661,36,No
110177,Self-Employed,561,10875,12,No
72570,Employed,578,7613,60,No
38849,Employed,768,1000,48,Yes
58326,Employed,793,35225,24,Yes
76749,Employed,626,27525,60,Yes
62280,Employed,654,7209,24,Yes
76162,Employed,559,17724,48,No
32379,Self-Employed,767,19174,60,Yes
65080,Employed,716,26910,72,Yes
20000,Self-Employed,844,6813,60,Yes
56663,Employed,562,25921,48,No
32882,Employed,612,9520,72,No
37934,Employed,673,1641,72,No
97082,Employed,714,22241,72,Yes
92739,Employed,628,27907,24,Yes
78274,Employed,562,40879,12,No
27230,Employed,738,3002,12,Yes
50507,Employed,722,21989,24,Yes
96392,Employed,558,10901,60,No
64251,Employed,785,22833,60,Yes
129579,Employed,767,1000,24,Yes
71799,Employed,663,2372,60,Yes
65761,Self-Employed,657,7241,36,Yes
50726,Employed,705,15789,12,No
64006,Employed,563,8589,36,No
55425,Employed,653,21590,60,Yes
81243,Employed,434,25268,24,No
88701,Employed,737,20995,60,Yes
36420,Self-Employed,493,31187,24,No
20063,Employed,800,19158,24,No
20000,Unemployed,616,2831,24,No
75239,Self-Employed,628,28633,72,Yes
26899,Employed,587,8948,36,No
20000,Employed,621,24104,72,Yes
71657,Employed,791,30737,48,Yes
134789,Employed,401,19566,72,No
59817,Unemployed,777,1000,12,No
85154,Employed,683,5817,72,Yes
62454,Employed,529,28227,48,No
57033,Employed,542,13308,72,No
87572,Unemployed,817,15795,36,Yes
51291,Employed,555,22588,24,No
68021,Employed,534,21963,12,No
69650,Self-Employed,763,17787,72,Yes
39957,Self-Employed,683,12913,12,No
89761,Employed,556,11873,24,No
54751,Self-Employed,671,23578,36,Yes
37327,Self-Employed,547,20535,48,No
76095,Employed,760,12426,72,Yes
33045,Employed,756,25821,36,Yes
60845,Employed,703,13709,24,Yes
59726,Employed,686,6483,60,Yes
92576,Employed,826,7410,60,Yes
74240,Employed,649,5212,36,Yes
59249,Employed,531,12275,48,No
84532,Employed,694,27337,24,Yes
101706,Unemployed,850,6949,48,Yes
76734,Employed,548,16884,12,No
60310,Employed,613,8433,24,Yes
20644,Employed,691,12396,60,Yes
28046,Employed,644,1000,24,No
50843,Self-Employed,551,12794,60,No
41714,Employed,762,13062,36,Yes
54390,Self-Employed,850,20402,60,Yes
61699,Self-Employed,669,17232,12,No
75890,Self-Employed,559,3016,48,No
57885,Employed,495,25841,48,No
74595,Employed,675,17103,36,Yes
61934,Self-Employed,760,16983,72,Yes
20000,Employed,697,14908,36,No
31819,Employed,649,9822,12,No
55677,Employed,591,17178,24,No
23709,Self-Employed,540,19755,36,No
77997,Self-Employed,733,1000,12,Yes
105922,Self-Employed,741,9612,24,Yes
96562,Employed,495,12450,60,No
53596,Employed,808,17561,24,Yes
104721,Employed,707,26933,60,Yes
64460,Employed,789,7282,48,Yes
49887,Employed,515,10020,24,No
41597,Employed,513,9874,60,No
50925,Employed,635,6984,36,Yes
48354,Self-Employed,700,11528,12,Yes
65112,Employed,829,22708,36,Yes
64817,Employed,720,4461,48,Yes
60091,Employed,625,19278,24,Yes
73108,Self-Employed,547,1000,60,No
95719,Employed,773,9386,24,Yes
88486,Self-Employed,553,11705,24,No
20000,Employed,812,31748,60,No
20000,Unemployed,621,12251,48,No
88029,Unemployed,809,1000,36,Yes
20000,Employed,717,1000,72,Yes
53257,Employed,636,15340,72,Yes
24896,Employed,598,21137,36,No
20000,Employed,615,18754,72,No
76243,Unemployed,692,16675,36,No
82774,Self-Employed,657,26622,24,Yes
42704,Self-Employed,590,9604,72,No
20000,Employed,633,23949,72,No
43612,Employed,657,1000,36,Yes
71754,Employed,437,5950,24,No
20000,Self-Employed,695,1000,60,No
65500,Employed,552,12251,12,No
59540,Employed,534,14537,60,No
77378,Self-Employed,481,16141,48,No
63587,Self-Employed,470,15618,24,No
30807,Employed,514,5724,36,No
95897,Self-Employed,579,13097,48,No
55244,Employed,845,1000,12,Yes
59180,Unemployed,597,28632,72,No
32001,Employed,667,11963,24,No
46701,Employed,690,10111,48,Yes
33455,Unemployed,663,30889,12,No
54811,Employed,642,2577,72,Yes
111351,Employed,530,3744,48,No
20000,Employed,795,4037,48,Yes
20000,Employed,830,14321,12,No
104135,Employed,481,19316,60,No
53720,Employed,547,22396,36,No
39927,Employed,622,40719,36,No
91197,Unemployed,553,1000,48,No
41831,Employed,700,21087,36,Yes
114780,Employed,577,9428,12,No
80337,Unemployed,850,9135,60,Yes
45362,Self-Employed,769,8802,48,Yes
124719,Employed,671,5912,24,Yes
41828,Self-Employed,752,31845,48,Yes
82262,Employed,760,23422,48,Yes
68978,Employed,593,15231,24,No
99052,Self-Employed,568,28510,48,No
106845,Employed,657,1000,12,Yes
60960,Employed,736,1692,60,Yes
37397,Self-Employed,663,1000,12,No
73799,Employed,492,8005,60,No
39668,Employed,569,16616,12,No
120401,Employed,642,16028,12,Yes
64096,Employed,642,16493,12,Yes
49040,Self-Employed,847,1000,24,Yes
65540,Employed,511,23031,24,No
20000,Self-Employed,700,17396,24,No
30851,Employed,798,22330,48,Yes
96012,Employed,850,1000,24,Yes
40293,Employed,609,18114,60,Yes
28592,Employed,699,3122,24,Yes
76099,Employed,706,11026,12,Yes
95571,Employed,669,20343,36,Yes
81568,Self-Employed,640,15910,24,Yes
89881,Employed,693,6484,72,Yes
37296,Employed,396,15062,24,No
20000,Unemployed,718,1000,12,No
105040,Employed,662,26502,60,Yes
50319,Employed,627,12947,72,Yes
52475,Employed,850,26185,72,Yes
99845,Employed,582,9734,60,No
76686,Employed,609,9764,12,Yes
73676,Employed,849,7358,12,Yes
124950,Employed,566,23761,48,No
40694,Employed,594,7905,60,No
87835,Employed,635,21445,12,Yes
61710,Employed,734,11175,24,Yes
68057,Employed,670,1000,24,Yes
105854,Unemployed,520,9296,72,No
75235,Employed,596,3208,24,No
76148,Employed,589,15339,36,No
92175,Employed,642,3095,12,Yes
49051,Unemployed,692,24259,24,No
34823,Employed,691,14089,12,No
28655,Employed,472,13224,24,No
20000,Employed,756,21558,60,Yes
121686,Employed,675,24639,24,Yes
26903,Unemployed,788,14799,60,No
53362,Employed,694,7287,12,Yes
51695,Employed,760,1000,60,Yes
69222,Self-Employed,696,8139,12,Yes
84472,Employed,784,8827,72,Yes
85814,Self-Employed,702,16070,48,Yes
42507,Employed,640,11548,24,Yes
54986,Self-Employed,850,21879,36,Yes
68477,Self-Employed,738,8870,36,Yes
52539,Employed,707,14429,48,Yes
108220,Employed,522,26839,72,No
74729,Employed,521,18418,12,No
82046,Self-Employed,679,14399,60,Yes
79886,Employed,664,8980,24,Yes
95204,Self-Employed,588,8667,36,No
65430,Employed,664,6493,72,Yes
21095,Employed,808,9589,24,Yes
71990,Employed,719,22556,36,Yes
40459,Self-Employed,535,12781,72,No
44141,Employed,638,1502,60,Yes
77590,Self-Employed,569,32681,48,No
97148,Employed,611,18199,60,Yes
60638,Employed,608,1000,12,Yes
69264,Employed,602,10581,60,Yes
111066,Employed,524,16108,12,No
67222,Employed,637,32045,72,Yes
138050,Unemployed,593,3918,12,No
76965,Employed,357,24760,36,No
20000,Unemployed,850,28994,48,No
82600,Employed,758,8713,60,Yes
71434,Employed,612,12224,60,Yes
98692,Self-Employed,651,4636,24,Yes
80195,Employed,532,12965,36,No
55846,Employed,819,14634,36,Yes
23271,Self-Employed,839,21596,12,No
53729,Self-Employed,665,25901,60,Yes
34484,Employed,752,7519,72,Yes
42584,Employed,667,1000,72,Yes
77657,Employed,516,14787,12,No
110097,Self-Employed,608,17935,72,Yes
71840,Self-Employed,663,17494,12,Yes
24123,Self-Employed,604,11733,36,Yes
73338,Employed,628,16247,12,Yes
95898,Unemployed,640,30154,24,No
41706,Employed,641,18817,24,Yes
55979,Employed,655,11266,60,Yes
60440,Unemployed,543,9998,60,No
36453,Employed,578,13301,60,No
79448,Self-Employed,521,31367,48,No
56371,Self-Employed,747,13166,48,Yes
72585,Employed,439,14802,72,No
33375,Employed,765,10176,60,Yes
46876,Self-Employed,788,25989,36,Yes
81671,Employed,619,34598,48,Yes
48815,Employed,389,19506,60,No
111808,Employed,613,15827,12,Yes
48010,Employed,643,15367,48,Yes
66740,Employed,548,1000,24,No
87977,Employed,598,22451,36,No
20000,Employed,803,16341,60,Yes
20000,Employed,716,19283,36,No
20000,Employed,557,7885,72,No
97877,Employed,490,11155,48,No
43444,Self-Employed,617,10889,72,Yes
136745,Employed,628,25216,12,Yes
43072,Unemployed,699,11212,48,No
65536,Employed,596,35826,12,No
106263,Unemployed,701,19308,72,Yes
120182,Unemployed,843,2243,72,Yes
121845,Employed,731,13714,72,Yes
96250,Employed,645,8483,12,Yes
90721,Employed,631,1000,36,Yes
77775,Self-Employed,614,30994,24,Yes
83350,Employed,768,22031,72,Yes
43464,Unemployed,587,20332,12,No
35454,Employed,654,16654,24,Yes
59898,Employed,655,1179,48,Yes
54894,Self-Employed,599,10163,36,No
46403,Employed,512,23417,24,No
80891,Employed,682,4487,36,Yes
88659,Self-Employed,643,1000,60,Yes
62652,Employed,700,12728,36,Yes
104325,Employed,596,13582,72,No
25749,Employed,772,16355,36,Yes
54190,Employed,562,22285,12,No
38495,Employed,821,21376,36,Yes
20000,Unemployed,475,17587,48,No
57519,Employed,693,26955,12,No
56347,Self-Employed,697,1000,36,Yes
105403,Employed,570,20045,48,No
78924,Employed,692,21265,12,Yes
29274,Employed,777,2604,12,Yes
115622,Employed,428,1000,48,No
96631,Employed,700,7540,48,Yes
77462,Employed,400,8384,24,No
53205,Self-Employed,553,22534,48,No
31216,Employed,812,8854,24,Yes
48833,Employed,591,6436,60,No
92662,Employed,532,8883,72,No
116537,Employed,630,26186,36,Yes
106297,Employed,850,15130,12,Yes
45334,Employed,466,13207,24,No
26411,Unemployed,544,13899,36,No
64226,Employed,799,27920,48,Yes
20000,Unemployed,835,7508,48,No
69695,Employed,639,28155,36,Yes
55571,Employed,526,17104,48,No
46018,Self-Employed,850,13395,60,Yes
20000,Employed,809,40009,12,No
75408,Self-Employed,717,4443,60,Yes
44018,Employed,568,11463,24,No
24902,Employed,645,2675,36,Yes
20000,Employed,633,24524,60,No
59174,Self-Employed,683,31891,72,Yes
113167,Employed,795,31699,24,Yes
109837,Employed,737,27239,48,Yes
46287,Employed,542,13023,60,No
41933,Employed,787,11347,12,Yes
74063,Self-Employed,681,1000,12,No
30048,Self-Employed,718,35358,12,No
69053,Self-Employed,796,19689,60,Yes
82982,Unemployed,538,10080,60,No
96807,Employed,646,28280,12,Yes
56995,Self-Employed,596,5272,48,No
53889,Employed,493,19066,24,No
33660,Employed,684,13273,72,Yes
35193,Employed,850,21386,36,Yes
53205,Employed,465,14364,36,No
71020,Self-Employed,646,1000,60,No
87407,Employed,714,15755,60,Yes
35904,Employed,662,25488,12,No
104780,Employed,638,14707,36,Yes
51866,Self-Employed,520,22751,72,No
59358,Employed,673,4544,72,Yes
37583,Employed,574,14737,48,No
20000,Employed,431,8754,60,No
86521,Employed,769,22469,36,Yes
82105,Unemployed,745,15314,48,Yes
51560,Self-Employed,655,21900,72,Yes
62009,Employed,672,25877,12,No
75478,Self-Employed,757,21916,36,Yes
20000,Self-Employed,672,17731,48,No
44128,Employed,740,5017,12,Yes
83827,Unemployed,620,14972,72,No
22371,Employed,781,9669,72,Yes
68806,Employed,682,11559,36,Yes
20000,Employed,669,11254,48,No
73992,Employed,522,5200,72,No
58930,Self-Employed,678,1000,24,Yes
20000,Self-Employed,566,8318,48,No
94942,Employed,586,16933,60,Yes
37962,Employed,568,1518,12,No
35692,Unemployed,543,15156,36,No
66017,Employed,850,34002,48,Yes
94459,Unemployed,783,25230,72,Yes
29525,Employed,842,31435,48,Yes
61850,Employed,527,18911,36,No
72864,Employed,657,26675,72,Yes
80793,Employed,520,7760,72,No
65293,Employed,580,8556,60,No
48989,Self-Employed,558,1000,24,No
35172,Employed,773,26861,72,Yes
62584,Unemployed,610,30403,72,No
27835,Self-Employed,756,9468,36,Yes
20000,Self-Employed,710,12460,12,No
73096,Employed,850,7461,36,Yes
87118,Employed,502,18826,60,No
20000,Employed,775,26249,60,Yes
29708,Employed,764,1000,24,Yes
78574,Employed,552,19094,60,No
121724,Employed,750,12233,72,Yes
60623,Employed,683,16133,60,Yes
38159,Employed,627,19589,72,Yes
54513,Unemployed,567,13117,48,No
101246,Employed,578,13964,24,No
40621,Employed,850,12861,48,Yes
36024,Self-Employed,650,24703,24,No
45517,Employed,728,19187,36,Yes
31400,Self-Employed,570,17205,60,No
63680,Employed,572,2290,72,No
108740,Self-Employed,758,11214,48,Yes
69692,Employed,515,23986,72,No
52429,Employed,608,15376,48,Yes
51245,Employed,653,21595,60,Yes
20000,Employed,661,32665,24,No
86493,Employed,632,25386,12,Yes
57664,Self-Employed,689,15931,36,Yes
54585,Employed,719,9890,36,Yes
155793,Employed,723,1000,48,Yes
68962,Employed,551,13316,60,No
37446,Employed,621,11739,36,No
47209,Employed,769,18903,60,Yes
94453,Unemployed,739,13460,72,Yes
63398,Employed,512,11796,24,No
20000,Self-Employed,685,1000,72,No
87576,Employed,452,5600,60,No
39955,Employed,654,19766,48,No
116198,Employed,839,32159,12,Yes
92401,Employed,555,14024,12,No
46580,Employed,566,18278,60,No
98430,Employed,726,24524,24,Yes
62035,Employed,495,6891,60,No
85583,Employed,586,18668,12,No
74541,Employed,709,7595,24,Yes
34609,Self-Employed,586,23648,24,No
40693,Self-Employed,626,16514,72,Yes
90898,Self-Employed,724,17984,60,Yes
49956,Unemployed,692,7174,24,No
47890,Employed,676,22070,60,Yes
31346,Employed,616,35847,12,No
72707,Employed,687,4920,60,Yes
121875,Employed,637,11602,12,Yes
27974,Employed,695,17316,72,Yes
60726,Employed,600,22864,60,Yes
102366,Employed,631,9404,72,Yes
57610,Employed,551,1000,60,No
73571,Employed,646,28591,48,Yes
28128,Employed,568,22605,24,No
72849,Employed,538,1000,60,No
54385,Employed,675,8924,60,Yes
89571,Self-Employed,671,30681,24,Yes
95621,Employed,728,29477,48,Yes
137686,Employed,606,24386,72,Yes
77388,Employed,690,13238,36,Yes
69773,Employed,705,15829,72,Yes
65831,Self-Employed,694,13690,72,Yes
49405,Employed,567,26282,24,No
70154,Employed,664,6241,48,Yes
51137,Employed,686,6942,12,Yes
65053,Employed,650,25102,24,Yes
99527,Employed,441,14556,48,Yes
29803,Unemployed,666,28784,60,No
94196,Employed,850,8284,72,Yes
99513,Unemployed,613,14452,60,No
56457,Employed,577,5775,72,No
20000,Employed,687,15073,60,Yes
41765,Employed,681,1000,48,Yes
98909,Employed,769,10123,60,Yes
59313,Self-Employed,524,1000,48,No
30020,Employed,723,21939,48,Yes
44856,Employed,709,22165,60,Yes
85218,Employed,635,1000,72,Yes
76402,Self-Employed,683,28338,24,Yes
52832,Employed,752,39974,24,No
48995,Self-Employed,737,15460,60,Yes
48247,Self-Employed,535,8588,24,No
32327,Self-Employed,732,43243,24,No
108461,Employed,643,1810,48,Yes
50330,Employed,657,15201,36,Yes
96514,Employed,657,16796,36,Yes
105639,Employed,634,28451,48,Yes
89949,Employed,769,18597,12,Yes
47051,Employed,641,10013,48,Yes
72111,Employed,538,5488,24,No
59274,Self-Employed,610,11581,24,Yes
32888,Employed,667,4930,60,No
69730,Unemployed,772,15478,12,No
24628,Employed,710,9358,12,No
95630,Employed,564,1000,24,No
46061,Unemployed,850,27551,12,No
66034,Employed,676,10023,72,Yes
68498,Self-Employed,777,2318,48,Yes
52232,Employed,634,13317,48,Yes
77600,Unemployed,703,15683,36,No
45752,Self-Employed,733,1000,48,Yes
86138,Employed,771,18316,36,Yes
20000,Employed,755,4528,60,Yes
63791,Employed,737,32110,24,Yes
118167,Employed,618,20239,24,Yes
29990,Employed,592,11001,24,No
39667,Employed,683,7548,12,Yes
75417,Employed,743,13950,48,Yes
65387,Employed,627,21127,36,Yes
70518,Employed,756,14745,48,Yes
74675,Employed,795,12828,12,Yes
79041,Employed,558,15583,24,No
93290,Employed,566,8961,24,No
72294,Employed,635,11567,24,Yes
52762,Unemployed,680,1000,36,No
80177,Self-Employed,597,24737,24,No
116996,Employed,785,17987,60,Yes
56020,Employed,692,7265,48,Yes
30764,Self-Employed,653,33987,72,No
93212,Employed,506,15870,60,No
56388,Self-Employed,518,4638,72,No
20000,Employed,678,23567,12,No
85422,Self-Employed,436,18980,60,No
43940,Employed,751,18945,36,Yes
57284,Employed,634,10742,72,Yes
69959,Unemployed,850,19504,48,Yes
65714,Employed,850,12382,48,Yes
81283,Self-Employed,631,20559,72,Yes
46935,Self-Employed,639,1000,60,Yes
75393,Employed,749,10661,24,Yes
52213,Employed,820,32221,72,Yes
82164,Employed,486,7329,72,No
78461,Unemployed,471,8961,36,No
31936,Self-Employed,587,10520,48,No
92579,Self-Employed,708,2851,24,Yes
43921,Employed,699,1000,72,Yes
84241,Self-Employed,756,12694,60,Yes
71018,Employed,530,16358,36,No
115145,Employed,418,14474,60,No
53296,Employed,735,13551,36,Yes
49520,Employed,567,15430,12,No
59417,Self-Employed,448,25228,72,No
50904,Employed,664,13095,24,Yes
83998,Employed,729,9259,48,Yes
20000,Employed,637,12188,72,No
28389,Unemployed,604,20793,24,No
27965,Employed,634,29120,72,Yes
88509,Employed,612,8718,48,Yes
111318,Employed,515,15989,12,No
56866,Employed,578,18383,12,No
54935,Employed,702,5074,60,Yes
62101,Employed,682,15204,60,Yes
94856,Self-Employed,666,1000,72,Yes
32179,Unemployed,550,1000,36,No
67151,Self-Employed,631,18667,12,Yes
89255,Self-Employed,432,11161,48,No
75032,Employed,667,17022,60,Yes
65687,Employed,792,14821,72,Yes
90031,Employed,502,5235,60,Yes
20000,Employed,591,14547,48,No
80336,Employed,682,2668,72,Yes
40377,Employed,775,28909,60,Yes
20000,Employed,605,1440,12,No
75336,Employed,580,13042,36,No
101209,Unemployed,453,4577,24,No
55876,Employed,660,20704,12,No
88586,Employed,850,11685,12,Yes
108368,Self-Employed,677,9813,60,Yes
99447,Self-Employed,647,23532,48,Yes
109198,Employed,682,15294,48,Yes
82263,Employed,648,20166,24,Yes
62263,Employed,568,5186,24,No
20000,Employed,732,1000,36,Yes
52618,Employed,672,16072,48,Yes
34702,Employed,651,11811,36,Yes
125128,Employed,552,21264,12,Yes
54723,Unemployed,780,14200,60,No
63696,Employed,716,17050,48,Yes
76544,Employed,594,1000,48,No
61308,Employed,750,33884,48,Yes
110851,Self-Employed,600,13357,60,Yes
41320,Employed,571,21975,48,No
65838,Employed,574,6639,60,No
37725,Unemployed,472,18080,12,No
20399,Self-Employed,697,1971,72,No
41646,Employed,466,19520,12,No
58888,Employed,527,11440,60,No
47120,Employed,442,15291,24,No
39227,Employed,641,21979,12,No
20000,Unemployed,634,2674,60,No
57506,Self-Employed,617,8155,36,Yes
20000,Unemployed,545,19573,36,No
82801,Self-Employed,532,35982,48,No
62473,Employed,696,13619,36,Yes
20000,Employed,594,20911,48,No
50723,Self-Employed,681,13930,12,Yes
37435,Employed,561,34422,36,No
69575,Employed,668,1000,60,Yes
100213,Employed,780,15946,48,Yes
20000,Employed,708,1000,72,Yes
63450,Employed,608,1000,12,Yes
55196,Employed,675,17974,60,Yes
80140,Unemployed,625,16394,72,No
66395,Employed,650,12151,60,Yes
37440,Employed,617,13938,60,Yes
50428,Employed,633,45982,36,No
36119,Employed,671,12418,72,Yes
92280,Employed,550,20101,48,No
60639,Employed,548,8506,48,No
117035,Employed,511,17952,12,No
58180,Employed,489,12617,12,No
38747,Employed,528,10894,48,No
20000,Employed,665,33188,48,No
20000,Self-Employed,560,26771,72,No
20000,Employed,701,16367,24,No
68013,Self-Employed,653,1000,60,Yes
75261,Employed,453,11389,72,No
20000,Employed,715,42030,36,No
86851,Unemployed,731,12693,36,Yes
45508,Employed,550,26032,48,No
64403,Unemployed,692,29419,48,No
108366,Self-Employed,564,17189,12,No
86905,Employed,659,6581,24,Yes
51944,Employed,523,1000,72,No
33264,Unemployed,470,21841,24,No
20000,Employed,611,6852,24,Yes
38425,Employed,637,16761,60,Yes
53666,Unemployed,610,2501,72,No
30384,Employed,531,12347,72,No
56062,Employed,610,15337,72,Yes
62305,Employed,676,17685,72,Yes
53254,Self-Employed,645,3851,36,Yes
40499,Unemployed,668,26969,48,No
65059,Unemployed,582,9031,24,No
73258,Employed,767,1000,12,Yes
27288,Self-Employed,532,13909,12,No
102327,Employed,698,15343,60,Yes
57042,Unemployed,768,16605,36,No
60565,Unemployed,698,28621,24,No
81246,Employed,629,12635,12,Yes
66996,Employed,597,13803,48,No
88594,Unemployed,753,3968,12,Yes
68613,Unemployed,507,23205,48,No
41626,Unemployed,552,16843,72,No
70845,Self-Employed,610,10799,24,Yes
25688,Employed,773,1000,36,Yes
63256,Employed,687,29444,48,Yes
59003,Employed,553,2723,24,No
53756,Unemployed,618,9087,48,No
56143,Employed,588,18583,48,No
20000,Unemployed,579,3034,36,No
43538,Employed,747,1000,24,Yes
62785,Employed,512,1000,36,No
64795,Unemployed,810,22209,12,No
29169,Self-Employed,732,9548,24,Yes
97971,Employed,759,44272,24,Yes
34014,Employed,603,5056,60,No
89083,Employed,635,5785,36,Yes
72815,Employed,506,9346,72,No
40613,Employed,597,17431,12,No
113259,Employed,699,10297,60,Yes
24190,Employed,779,21123,72,Yes
87574,Self-Employed,539,5214,36,No
90017,Self-Employed,613,1184,36,Yes
39881,Employed,634,1000,24,Yes
101773,Self-Employed,510,1000,48,No
52498,Employed,709,9819,24,Yes
68660,Self-Employed,577,11990,48,No
67809,Self-Employed,630,8685,72,Yes
55970,Self-Employed,604,27434,72,No
84324,Employed,571,27280,12,No
83804,Employed,649,11651,48,Yes
20000,Employed,628,1000,24,No
99130,Employed,612,9332,72,Yes
20000,Employed,577,9001,12,No
90976,Employed,681,8428,12,Yes
93801,Employed,815,8022,12,Yes
27271,Employed,663,8465,48,No
47675,Employed,749,11134,12,Yes
26828,Self-Employed,510,8644,48,No
53552,Unemployed,665,17083,36,No
50758,Employed,540,18603,48,No
83389,Self-Employed,502,5893,72,No
99309,Employed,576,27710,48,No
101870,Employed,769,5199,48,Yes
43134,Employed,745,1000,72,Yes
53723,Employed,674,18807,36,Yes
20000,Employed,496,6825,60,No
35823,Employed,630,18212,36,No
88945,Employed,680,1000,24,Yes
108467,Employed,667,28924,60,Yes
22969,Self-Employed,465,21722,60,No
42226,Self-Employed,560,1000,24,No
59207,Employed,643,1000,36,Yes
68404,Employed,703,31722,48,Yes
35711,Unemployed,430,7626,36,No
72721,Employed,633,6658,48,Yes
45784,Employed,664,1000,48,Yes
59566,Employed,734,11492,72,Yes
76388,Employed,719,12722,60,Yes
60192,Employed,708,22154,48,Yes
46908,Self-Employed,570,1009,12,No
56711,Employed,459,1000,48,No
57349,Employed,610,19509,36,Yes
48899,Employed,750,25067,24,Yes
52236,Employed,789,1000,72,Yes
107959,Employed,721,25815,48,Yes
76827,Employed,692,15375,72,Yes
51135,Employed,687,25918,60,Yes
80908,Employed,594,14297,36,Yes
49985,Self-Employed,636,1000,36,Yes
95193,Self-Employed,816,13480,24,Yes
71089,Employed,555,25601,36,No
56780,Employed,811,6062,12,Yes
73431,Self-Employed,617,11120,36,Yes
20000,Employed,782,13238,12,No
26196,Employed,509,1000,24,No
24182,Employed,708,31713,72,Yes
64288,Employed,576,5986,36,No
111975,Employed,508,20057,36,No
126939,Employed,671,14132,36,Yes
79141,Employed,750,27576,12,Yes
75025,Employed,565,19060,72,No
20000,Employed,500,12650,24,No
43719,Employed,640,6064,60,Yes
36366,Employed,641,22978,48,No
41374,Employed,704,1000,60,Yes
54955,Employed,744,21458,72,Yes
45837,Employed,644,4009,24,Yes
20000,Self-Employed,835,27522,48,No
82437,Employed,672,16612,24,Yes
27817,Employed,615,21441,48,Yes
67177,Employed,488,15819,36,No
122222,Employed,623,1000,48,Yes
32418,Employed,616,6392,72,No
20000,Self-Employed,746,21723,48,Yes
51419,Self-Employed,696,16666,36,Yes
93028,Employed,532,26809,72,Yes
118750,Self-Employed,667,19032,48,Yes
23113,Self-Employed,717,5332,36,Yes
74900,Employed,802,7039,72,Yes
46040,Employed,738,16029,36,Yes
56821,Employed,726,1000,36,Yes
139330,Employed,656,31734,48,Yes
20000,Unemployed,688,19417,48,No
67612,Unemployed,774,27270,12,No
74030,Employed,516,1000,12,No
92573,Unemployed,615,27445,12,Yes
62939,Employed,572,37314,48,No
69241,Employed,687,1791,24,Yes
48250,Self-Employed,773,22714,24,Yes
68073,Self-Employed,590,15011,36,No
49704,Unemployed,410,1000,60,No
78647,Employed,608,19928,12,Yes
48911,Employed,741,23336,24,Yes
71313,Unemployed,703,8988,60,No
59122,Employed,692,26659,60,Yes
93781,Self-Employed,622,1000,36,Yes
58458,Unemployed,522,1000,36,No
20000,Employed,701,16365,24,No
97857,Employed,566,15253,12,Yes
32828,Employed,850,7834,72,Yes
40387,Employed,707,23095,12,Yes
42130,Employed,591,20308,12,No
101233,Employed,588,23581,48,No
20000,Employed,640,13768,12,No
154132,Employed,626,21025,48,Yes
91681,Employed,761,10543,12,Yes
66697,Self-Employed,668,35538,48,Yes
58353,Employed,576,6874,12,No
68566,Employed,839,36052,24,Yes
75633,Employed,654,15348,24,Yes
79356,Employed,726,1244,72,Yes
76668,Employed,589,28680,48,No
62687,Employed,686,16259,48,Yes
54079,Employed,681,23511,12,No
55461,Self-Employed,461,27238,60,No
54152,Employed,850,18379,48,Yes
94013,Employed,779,9077,24,Yes
77806,Employed,610,24757,12,No
20000,Unemployed,539,15007,36,No
79677,Self-Employed,684,21858,72,Yes
65842,Employed,658,1000,72,Yes
59438,Self-Employed,685,19469,24,Yes
48344,Employed,669,8614,60,Yes
93723,Self-Employed,700,31533,48,Yes
88425,Self-Employed,794,21230,60,Yes
36813,Employed,706,17398,60,Yes
72211,Employed,545,19863,24,No
30850,Employed,786,5015,48,Yes
20000,Employed,814,31232,24,No
41198,Employed,850,34913,60,Yes
85871,Self-Employed,537,18929,36,No
88593,Employed,674,30904,36,Yes
75392,Self-Employed,441,9308,48,No
81752,Employed,705,7028,24,Yes
75485,Employed,595,15409,36,No
40755,Employed,842,19349,12,Yes
72957,Self-Employed,572,11060,24,No
84012,Employed,481,20377,72,No
82628,Employed,602,18063,48,Yes
95667,Employed,452,5016,36,Yes
81249,Self-Employed,725,20187,12,Yes
70543,Self-Employed,443,23635,12,No
92104,Employed,652,16714,36,Yes
59204,Employed,442,26526,48,No
33543,Employed,617,2825,12,No
55107,Employed,814,19679,60,Yes
37652,Employed,686,3297,48,No
